Directorate,Department,Specialty,Role,Full/Part Time,Start Date,Contract,Classification,Administrative work directly related to clinical care,Clinical diagnostic work,Multidisciplinary meetings,Operating sessions,Other patient treatment,Out-patient activities,Predictable Emergency Work,SAS Doctor Shift Work,Unpredictable Emergency Work,Ward rounds,Total,
Corporate Services,Chief Clinical Information Officer (CCIO),,Consultant,Full time,01/04/2023,2003,,0.3750,1.6548,0.0774,0.5952,1.3630,,,,,0.1935,4.2589,
"NEW: Family, Diagnostic and Community Division","Babies, Children & Young People",Paediatrics,Consultant,Full time,01/04/2023,2003,,0.7620,,,,2.6189,1.9048,1.6789,,0.4221,,7.3867,
"NEW: Family, Diagnostic and Community Division","Babies, Children & Young People",Paediatrics,Consultant,Full time,01/04/2023,2003,,1.3213,,,,1.3095,1.8718,0.3002,,0.0622,2.2024,7.0674,
"NEW: Family, Diagnostic and Community Division","Babies, Children & Young People",Paediatrics,Consultant,Full time,01/04/2023,2003,,0.1905,,0.1310,,1.8230,1.3096,1.5181,,0.3980,,5.3702,
"NEW: Family, Diagnostic and Community Division","Babies, Children & Young People",Paediatrics,Consultant,Full time,01/04/2023,2003,,0.9524,,,,2.6040,2.5262,1.6789,,0.4221,,8.1836,
"NEW: Family, Diagnostic and Community Division","Babies, Children & Young People",Paediatrics,Consultant,Full time,01/04/2023,2003,Locum,0.4286,,,,1.5625,1.8214,0.6834,,0.1197,3.4286,8.0442,
"NEW: Family, Diagnostic and Community Division","Babies, Children & Young People",Paediatrics,Consultant,Part time,01/04/2023,2003,,0.2202,0.2202,0.1429,,1.3010,0.8807,0.3002,,0.0622,3.9643,7.0917,
"NEW: Family, Diagnostic and Community Division","Babies, Children & Young People",Paediatrics,Consultant,Full time,01/04/2023,2003,,1.3335,,0.2045,,,2.5714,1.9289,,0.6456,2.6040,9.2879,
"NEW: Family, Diagnostic and Community Division","Babies, Children & Young People",Paediatrics,Consultant,Full time,01/04/2023,2003,,0.9525,,,,2.6189,2.6189,1.6789,,0.4221,,8.2913,
"NEW: Family, Diagnostic and Community Division","Babies, Children & Young People",Paediatrics,Consultant,Part time,01/04/2023,2003,,,,,,,0.2500,,,,5.2500,5.5000,
"NEW: Family, Diagnostic and Community Division","Babies, Children & Young People",Paediatrics,Consultant,Full time,01/04/2023,2003,,0.8572,,1.4373,,2.6040,2.3809,1.6789,,0.4221,0.3810,9.7614,
"NEW: Family, Diagnostic and Community Division","Babies, Children & Young People",Paediatrics,Consultant,Full time,01/04/2023,2003,,1.3335,,,,2.6040,2.4762,1.6789,,0.4221,,8.5147,
"NEW: Family, Diagnostic and Community Division","Babies, Children & Young People",Paediatrics,Consultant,Full time,01/04/2023,2003,,1.2142,,,,2.6030,2.6190,1.6789,,0.4221,0.1607,8.6979,
"NEW: Family, Diagnostic and Community Division",Community Services ,Dermatology,Consultant,Full time,01/04/2023,2003,,3.5002,0.9844,0.6250,,,5.5000,,,,,10.6096,
"NEW: Family, Diagnostic and Community Division",Community Services ,Dermatology,Consultant,Full time,01/04/2023,Pre 2003,,2.2813,,0.2500,,,5.2500,,,,0.3750,8.1563,
"NEW: Family, Diagnostic and Community Division",Community Services ,Neurology,SAS Doctor,Part time,01/04/2023,2008,,1.2500,,0.2500,,,2.8750,,,,,4.3750,
"NEW: Family, Diagnostic and Community Division",Community Services ,Ophthalmology,SAS Doctor,Full time,01/04/2023,2008,,1.0000,,0.2500,2.5000,,7.0000,,,,,10.7500,
"NEW: Family, Diagnostic and Community Division",Community Services ,Ophthalmology,SAS Doctor,Full time,01/04/2019,2008,,,,0.2500,1.5000,,8.0000,,,,,9.7500,
"NEW: Family, Diagnostic and Community Division",Community Services ,Ophthalmology,SAS Doctor,Full time,01/04/2023,2008,,1.0000,,0.2500,,,7.0000,,,,,8.2500,
"NEW: Family, Diagnostic and Community Division",Community Services ,Ophthalmology,Consultant,Part time,01/04/2022,2003,,0.5000,,0.2500,3.1880,,1.5000,,,,0.3540,5.7920,
"NEW: Family, Diagnostic and Community Division",Community Services ,Ophthalmology,Consultant,Full time,01/04/2023,2003,,1.0000,,0.2500,3.1250,,5.0000,,,,,9.3750,
"NEW: Family, Diagnostic and Community Division",Community Services ,Ophthalmology,Consultant,Full time,01/04/2023,Pre 2003,,1.0000,,0.2500,2.5000,,4.0000,,,,,7.7500,
"NEW: Family, Diagnostic and Community Division",Community Services ,Ophthalmology,SAS Doctor,Full time,01/04/2023,2008,,1.0000,,0.2500,2.5834,,8.0000,,,,0.3334,12.1668,
"NEW: Family, Diagnostic and Community Division",Community Services ,Ophthalmology,Consultant,Full time,01/04/2023,Pre 2003,,1.0000,0.5000,0.2500,1.8750,,3.0000,,,,,6.6250,
"NEW: Family, Diagnostic and Community Division",Community Services ,Ophthalmology,Consultant,Part time,01/04/2023,2003,,1.0000,,0.2500,1.2500,,3.0000,,,,,5.5000,
"NEW: Family, Diagnostic and Community Division",Community Services ,Ophthalmology,SAS Doctor,Full time,01/04/2023,2008,,1.0000,1.0000,0.2500,,,9.0000,,,,,11.2500,
"NEW: Family, Diagnostic and Community Division","Outpatient, Diagnostic & Breast ",Breast Surgery,SAS Doctor,Full time,01/04/2023,2008,,1.0000,,1.2500,2.6250,,3.6250,,,,,8.5000,
"NEW: Family, Diagnostic and Community Division","Outpatient, Diagnostic & Breast ",Breast Surgery,SAS Doctor,Full time,01/04/2023,Pre 2008,,1.0000,,1.2500,3.1488,,3.1250,,,,,8.5238,
"NEW: Family, Diagnostic and Community Division","Outpatient, Diagnostic & Breast ",Breast Surgery,Consultant,Part time,01/04/2023,2003,,1.1696,,1.2500,2.6250,,2.0000,,,,,7.0446,
"NEW: Family, Diagnostic and Community Division","Outpatient, Diagnostic & Breast ",Radiology,Consultant,Full time,01/04/2023,2003,,,6.1250,1.3750,,,0.2500,1.0000,,,,8.7500,
"NEW: Family, Diagnostic and Community Division","Outpatient, Diagnostic & Breast ",Radiology,Consultant,Full time,01/04/2023,2003,,0.3750,5.3750,1.0000,,,1.0000,1.0000,,,,8.7500,
"NEW: Family, Diagnostic and Community Division","Outpatient, Diagnostic & Breast ",Radiology,Consultant,Full time,01/04/2023,2003,,,7.5000,1.0000,,,,1.0000,,,,9.5000,
"NEW: Family, Diagnostic and Community Division","Outpatient, Diagnostic & Breast ",Radiology,Consultant,Full time,01/04/2023,2003,,,7.2500,0.7500,,,,1.0000,,,,9.0000,
"NEW: Family, Diagnostic and Community Division","Outpatient, Diagnostic & Breast ",Radiology,Consultant,Part time,01/04/2023,2003,,,3.1875,,,,,,,,,3.1875,
"NEW: Family, Diagnostic and Community Division","Outpatient, Diagnostic & Breast ",Radiology,Consultant,Full time,01/04/2023,2003,,,7.7500,1.0000,,,,1.0000,,,,9.7500,
"NEW: Family, Diagnostic and Community Division","Outpatient, Diagnostic & Breast ",Radiology,Consultant,Full time,01/04/2023,2003,,,6.3750,1.2500,,,,1.0000,,,,8.6250,
"NEW: Family, Diagnostic and Community Division","Outpatient, Diagnostic & Breast ",Radiology,Consultant,Full time,01/04/2023,2003,,,7.3750,0.3750,,,,1.0000,,,,8.7500,
"NEW: Family, Diagnostic and Community Division","Outpatient, Diagnostic & Breast ",Radiology,Consultant,Full time,01/04/2023,2003,,,7.2500,1.2500,,,,,,,,8.5000,
"NEW: Family, Diagnostic and Community Division","Outpatient, Diagnostic & Breast ",Radiology,Consultant,Full time,01/04/2023,2003,,,6.5000,1.2500,,,,1.0000,,,,8.7500,
"NEW: Family, Diagnostic and Community Division","Outpatient, Diagnostic & Breast ",Radiology,Consultant,Full time,01/04/2023,2003,,,6.5000,1.2500,,,,1.0000,,,,8.7500,
"NEW: Family, Diagnostic and Community Division","Outpatient, Diagnostic & Breast ",Radiology,Consultant,Full time,01/04/2023,2003,,,8.7500,0.2500,,,,1.0000,,,,10.0000,
"NEW: Family, Diagnostic and Community Division","Outpatient, Diagnostic & Breast ",Radiology,Consultant,Part time,01/04/2023,2003,,,3.0000,1.0000,,,3.0000,,,,,7.0000,
"NEW: Family, Diagnostic and Community Division","Outpatient, Diagnostic & Breast ",Radiology,Consultant,Full time,01/04/2023,2003,,,7.0000,0.5000,,,,1.0000,,,,8.5000,
"NEW: Family, Diagnostic and Community Division","Outpatient, Diagnostic & Breast ",Radiology,Consultant,Part time,02/04/2022,2003,,,3.1250,0.1250,,,,,,,,3.2500,
"NEW: Family, Diagnostic and Community Division","Outpatient, Diagnostic & Breast ",Radiology,Consultant,Full time,01/04/2023,2003,,,6.5000,1.0000,,,,1.0000,,,,8.5000,
"NEW: Family, Diagnostic and Community Division","Outpatient, Diagnostic & Breast ",Radiology,Consultant,Full time,01/04/2023,2003,,,5.5000,1.0000,,,1.0000,1.0000,,,,8.5000,
"NEW: Family, Diagnostic and Community Division","Outpatient, Diagnostic & Breast ",Radiology,Consultant,Full time,01/04/2023,2003,,,7.7500,0.7500,,,,1.0000,,,,9.5000,
"NEW: Family, Diagnostic and Community Division","Outpatient, Diagnostic & Breast ",Retained Pathology Services,Consultant,Full time,01/04/2023,2003,,0.2500,6.2500,,,,3.2500,,,1.0017,,10.7517,
"NEW: Family, Diagnostic and Community Division","Outpatient, Diagnostic & Breast ",Retained Pathology Services,Consultant,Full time,01/04/2023,2003,,,9.2500,0.2500,,,,,,,,9.5000,
"NEW: Family, Diagnostic and Community Division","Outpatient, Diagnostic & Breast ",Retained Pathology Services,Consultant,Full time,01/04/2023,2003,,,8.7500,0.7500,,,,,,,,9.5000,
"NEW: Family, Diagnostic and Community Division","Outpatient, Diagnostic & Breast ",Retained Pathology Services,SAS Doctor,Part time,01/04/2023,2008,,,4.6875,,1.5000,,,,,,,6.1875,
"NEW: Family, Diagnostic and Community Division","Outpatient, Diagnostic & Breast ",Retained Pathology Services,Consultant,Full time,01/04/2023,2003,,,6.0000,0.5000,,,,,,,,6.5000,
"NEW: Family, Diagnostic and Community Division","Outpatient, Diagnostic & Breast ",Retained Pathology Services,Consultant,Part time,01/04/2023,2003,Locum,,5.0000,,,,,,,,,5.0000,
"NEW: Family, Diagnostic and Community Division","Outpatient, Diagnostic & Breast ",Retained Pathology Services,Consultant,Full time,01/04/2023,2003,,1.0000,5.5000,1.0000,,,,,,,,7.5000,
"NEW: Family, Diagnostic and Community Division","Outpatient, Diagnostic & Breast ",Retained Pathology Services,Consultant,Part time,01/04/2023,2003,,,5.7188,0.2813,,,,,,,,6.0001,
"NEW: Family, Diagnostic and Community Division","Outpatient, Diagnostic & Breast ",Retained Pathology Services,Consultant,Full time,01/04/2023,2003,,,7.5000,2.0000,,,,,,,,9.5000,
"NEW: Family, Diagnostic and Community Division","Outpatient, Diagnostic & Breast ",Retained Pathology Services,Consultant,Full time,01/04/2023,2003,,,7.6250,1.8750,,,,,,,,9.5000,
"NEW: Family, Diagnostic and Community Division","Outpatient, Diagnostic & Breast ",Retained Pathology Services,Consultant,Full time,01/04/2023,2003,,,8.5000,,,,,,,,,8.5000,
"NEW: Family, Diagnostic and Community Division","Outpatient, Diagnostic & Breast ",Retained Pathology Services,Consultant,Full time,01/04/2023,2003,,,7.5000,,,,,,,,,7.5000,
"NEW: Family, Diagnostic and Community Division","Outpatient, Diagnostic & Breast ",Retained Pathology Services,Consultant,Full time,01/04/2023,2003,Locum,,8.5000,,,,,,,,,8.5000,
"NEW: Family, Diagnostic and Community Division","Outpatient, Diagnostic & Breast ",Retained Pathology Services,Consultant,Full time,01/04/2023,2003,,,9.0000,,,,,1.0000,,,,10.0000,
"NEW: Family, Diagnostic and Community Division","Outpatient, Diagnostic & Breast ",Retained Pathology Services,Consultant,Part time,01/04/2022,2003,,,4.7620,0.3100,,,,,,1.0000,,6.0710,
"NEW: Family, Diagnostic and Community Division","Outpatient, Diagnostic & Breast ",Retained Pathology Services,Consultant,Full time,01/04/2023,Pre 2003,,,5.2500,,,,,,,2.0000,,7.2500,
"NEW: Family, Diagnostic and Community Division",Womens Services,Obstetrics & Gynaecology ,Consultant,Full time,13/12/2022,2003,,0.2142,0.4954,,0.4920,,2.5818,1.4832,,0.6534,2.0575,7.9775,
"NEW: Family, Diagnostic and Community Division",Womens Services,Obstetrics & Gynaecology ,Consultant,Full time,13/12/2022,2003,Locum,0.2500,0.8231,,1.4821,,0.8571,1.4832,,0.6534,3.0682,8.6171,
"NEW: Family, Diagnostic and Community Division",Womens Services,Obstetrics & Gynaecology ,Consultant,Full time,13/12/2022,2003,,0.4908,,0.2143,1.2500,,1.7340,1.4832,,0.6534,1.9210,7.7467,
"NEW: Family, Diagnostic and Community Division",Womens Services,Obstetrics & Gynaecology ,Consultant,Full time,01/04/2023,2003,,0.5000,,,1.4076,,2.3878,1.4832,,0.6534,2.1017,8.5337,
"NEW: Family, Diagnostic and Community Division",Womens Services,Obstetrics & Gynaecology ,Consultant,Full time,01/04/2023,2003,,0.5000,,0.2279,1.1416,,2.2628,1.4832,,0.6534,0.9950,7.2639,
"NEW: Family, Diagnostic and Community Division",Womens Services,Obstetrics & Gynaecology ,Consultant,Full time,01/09/2020,2003,,0.3529,,1.5255,2.3010,,1.2351,0.8880,,0.5601,2.0903,8.9529,
"NEW: Family, Diagnostic and Community Division",Womens Services,Obstetrics & Gynaecology ,Consultant,Full time,01/04/2023,2003,,1.0000,,0.0357,0.5357,,2.8610,1.4832,,0.6534,1.4105,7.9795,
"NEW: Family, Diagnostic and Community Division",Womens Services,Obstetrics & Gynaecology ,SAS Doctor,Full time,01/04/2023,Pre 2008,,0.5000,2.5000,0.5000,,,5.0625,,,,,8.5625,
"NEW: Family, Diagnostic and Community Division",Womens Services,Obstetrics & Gynaecology ,Consultant,Full time,01/04/2023,2003,,0.5000,0.5000,2.2838,1.8393,,1.4919,1.4832,,0.6534,0.5882,9.3398,
"NEW: Family, Diagnostic and Community Division",Womens Services,Obstetrics & Gynaecology ,Consultant,Part time,01/04/2023,2003,,0.5000,,0.2500,0.2679,,1.2679,0.5820,,0.2840,0.8481,3.9999,
"NEW: Family, Diagnostic and Community Division",Womens Services,Obstetrics & Gynaecology ,Consultant,Full time,13/12/2022,2003,,0.2500,,0.3750,1.5496,,1.3133,1.4832,,0.6534,2.2446,7.8691,
"NEW: Family, Diagnostic and Community Division",Womens Services,Obstetrics & Gynaecology ,Consultant,Full time,01/04/2023,2003,,0.5000,,,0.5357,,1.9830,1.4832,,0.6534,2.1200,7.2753,
"NEW: Family, Diagnostic and Community Division",Womens Services,Obstetrics & Gynaecology ,Consultant,Full time,01/04/2023,2003,,0.5000,0.8571,0.7500,0.8571,,1.2589,1.4832,,0.6534,1.5396,7.8993,
"NEW: Family, Diagnostic and Community Division",Womens Services,Obstetrics & Gynaecology ,SAS Doctor,Full time,01/04/2023,2008,,0.3571,,0.2500,1.4821,,3.4107,,,,,5.4999,
"NEW: Family, Diagnostic and Community Division",Womens Services,Obstetrics & Gynaecology ,Consultant,Full time,01/04/2023,2003,,0.5000,,2.8121,0.3571,,1.7955,1.5176,,0.6534,1.9423,9.5780,
NEW: Integrated Emergency and Medical Pathways Division,Frailty and General Medicine ,Elderly Medicine,SAS Doctor,Full time,01/04/2023,2021,,,0.2500,,,,,,,,8.7500,9.0000,
NEW: Integrated Emergency and Medical Pathways Division,Frailty and General Medicine ,Elderly Medicine,Consultant,Full time,01/04/2023,2003,,1.3125,,0.9688,,,0.2500,,,,4.0313,6.5626,
NEW: Integrated Emergency and Medical Pathways Division,Frailty and General Medicine ,Elderly Medicine,Consultant,Full time,01/04/2023,2003,,1.2857,,0.5000,,,0.5625,,,,3.9375,6.2857,
NEW: Integrated Emergency and Medical Pathways Division,Frailty and General Medicine ,Elderly Medicine,Consultant,Part time,01/04/2023,2003,,0.2500,,0.8750,,,1.7500,,,,4.1250,7.0000,
NEW: Integrated Emergency and Medical Pathways Division,Frailty and General Medicine ,Elderly Medicine,Consultant,Full time,01/04/2023,2003,,1.5096,,1.3750,,,,,,,4.5000,7.3846,
NEW: Integrated Emergency and Medical Pathways Division,Frailty and General Medicine ,Palliative Care,Consultant,Full time,01/04/2023,2003,,1.1250,,1.0000,1.0000,,1.2500,,,,5.1250,9.5000,
NEW: Integrated Emergency and Medical Pathways Division,Medical Specialities ,Cardiology,SAS Doctor,Full time,01/04/2023,2008,,1.1500,0.9750,0.2000,,,2.7000,2.0000,,,5.3000,12.3250,
NEW: Integrated Emergency and Medical Pathways Division,Medical Specialities ,Cardiology,Consultant,Full time,01/04/2023,2003,,1.9250,4.0000,0.5250,,,4.3250,,,,,10.7750,
NEW: Integrated Emergency and Medical Pathways Division,Medical Specialities ,Cardiology,SAS Doctor,Full time,01/04/2019,2008,,1.4000,1.9500,0.2000,,,3.6000,,,,1.4000,8.5500,
NEW: Integrated Emergency and Medical Pathways Division,Medical Specialities ,Cardiology,Consultant,Full time,01/04/2023,2003,,2.4250,1.0000,0.6250,0.1250,,4.5000,0.5000,,,0.8125,9.9875,
NEW: Integrated Emergency and Medical Pathways Division,Medical Specialities ,Cardiology,SAS Doctor,Full time,01/04/2023,2021,,1.5938,0.2500,0.1250,,,3.5625,,,,3.4375,8.9688,
NEW: Integrated Emergency and Medical Pathways Division,Medical Specialities ,Diabetes and endocrinology,Consultant,Part time,01/04/2023,Pre 2003,,0.3500,,,,,2.5250,,,,,2.8750,
NEW: Integrated Emergency and Medical Pathways Division,Medical Specialities ,Diabetes and endocrinology,Consultant,Part time,01/04/2023,2003,,0.3750,3.0000,,,,,,,,1.3750,4.7500,
NEW: Integrated Emergency and Medical Pathways Division,Medical Specialities ,Diabetes and endocrinology,Consultant,Full time,01/04/2023,2003,,,,,,,2.5000,,,,3.8125,6.3125,
NEW: Integrated Emergency and Medical Pathways Division,Medical Specialities ,Respiratory,Consultant,Full time,01/04/2023,2003,,1.6250,,0.2500,0.5000,,3.0000,2.0000,,,2.1250,9.5000,
NEW: Integrated Emergency and Medical Pathways Division,Medical Specialities ,Respiratory,Consultant,Full time,01/04/2023,2003,,2.2346,,1.3595,,,2.0000,2.0000,,,2.3594,9.9535,
NEW: Integrated Emergency and Medical Pathways Division,Medical Specialities ,Respiratory,Consultant,Part time,01/04/2023,2003,Locum,1.9375,,0.2500,0.5000,0.6250,1.7500,2.0000,,,2.6250,9.6875,
NEW: Integrated Emergency and Medical Pathways Division,Medical Specialities ,Respiratory,Consultant,Full time,01/04/2023,2003,,2.6407,,0.5469,0.5000,,2.2500,2.0000,,,2.6250,10.5626,
NEW: Integrated Emergency and Medical Pathways Division,Urgent & Emergency Care ,Emergency Department (ED) ,Consultant,Full time,02/04/2022,2003,,0.5000,0.7450,,,,,0.0570,,0.7220,5.4760,7.5000,
NEW: Integrated Emergency and Medical Pathways Division,Urgent & Emergency Care ,Emergency Department (ED) ,Consultant,Full time,01/04/2022,2003,,0.8750,,,,,,,,0.7220,4.9260,6.5230,
NEW: Integrated Emergency and Medical Pathways Division,Urgent & Emergency Care ,Emergency Department (ED) ,Consultant,Full time,01/04/2022,2003,,0.3750,0.6410,,,,,,,1.0830,5.4020,7.5010,
NEW: Integrated Emergency and Medical Pathways Division,Urgent & Emergency Care ,Emergency Department (ED) ,Consultant,Full time,02/04/2022,2003,,0.5000,0.7450,,,,,0.0570,,0.7220,5.4760,7.5000,
NEW: Integrated Emergency and Medical Pathways Division,Urgent & Emergency Care ,Emergency Department (ED) ,Consultant,Full time,01/04/2023,2003,,,,5.0000,,,,,,,,5.0000,
NEW: Integrated Emergency and Medical Pathways Division,Urgent & Emergency Care ,Emergency Department (ED) ,SAS Doctor,Full time,31/01/2018,2008,,,,,,,,,,,10.0830,10.0830,
NEW: Integrated Emergency and Medical Pathways Division,Urgent & Emergency Care ,Emergency Department (ED) ,Consultant,Full time,02/04/2022,2003,,0.5000,0.7450,,,,,0.0570,,0.7220,5.4760,7.5000,
NEW: Integrated Emergency and Medical Pathways Division,Urgent & Emergency Care ,Emergency Department (ED) ,Consultant,Full time,02/04/2022,2003,,0.5000,0.7450,,,,,0.0570,,0.7220,5.4760,7.5000,
NEW: Integrated Emergency and Medical Pathways Division,Urgent & Emergency Care ,Emergency Department (ED) ,Consultant,Full time,01/04/2023,2003,,0.5454,0.8182,,,,,0.0938,,0.7879,5.2577,7.5030,
NEW: Integrated Emergency and Medical Pathways Division,Urgent & Emergency Care ,Emergency Department (ED) ,Consultant,Full time,01/04/2023,2003,,0.3750,0.6406,,,,,,,1.0833,5.4024,7.5013,
NEW: Integrated Emergency and Medical Pathways Division,Urgent & Emergency Care ,Emergency Department (ED) ,Consultant,Full time,01/04/2022,Pre 2003,,0.3750,0.6410,,,,,,,1.0830,5.4100,7.5090,
NEW: Integrated Emergency and Medical Pathways Division,Urgent & Emergency Care ,Emergency Department (ED) ,SAS Doctor,Full time,01/04/2023,2008,,,,,,,,,,,9.9454,9.9454,
NEW: Integrated Emergency and Medical Pathways Division,Urgent & Emergency Care ,Emergency Department (ED) ,SAS Doctor,Part time,01/04/2023,2008,,,,,,,,,,,5.4362,5.4362,
NEW: Integrated Emergency and Medical Pathways Division,Urgent & Emergency Care ,Emergency Department (ED) ,SAS Doctor,Part time,01/04/2023,2021,,,,,,,,,,,5.2998,5.2998,
NEW: Integrated Emergency and Medical Pathways Division,Urgent & Emergency Care ,Emergency Department (ED) ,SAS Doctor,Full time,01/04/2023,2008,,,,,,,,,,,9.9454,9.9454,
NEW: Integrated Emergency and Medical Pathways Division,Urgent & Emergency Care ,Emergency Department (ED) ,Consultant,Full time,02/04/2022,2003,,0.5000,0.7450,,,,,0.0570,,0.7220,4.4760,6.5000,
NEW: Integrated Emergency and Medical Pathways Division,Urgent & Emergency Care ,Emergency Department (ED) ,Consultant,Full time,02/04/2022,2003,,0.5000,0.6770,,,,,0.0570,,0.7220,5.5440,7.5010,
NEW: Integrated Emergency and Medical Pathways Division,Urgent & Emergency Care ,Emergency Department (ED) ,SAS Doctor,Full time,01/04/2023,2008,,,,,,,,,,,9.9454,9.9454,
NEW: Integrated Emergency and Medical Pathways Division,Urgent & Emergency Care ,UTC,Consultant,Full time,01/04/2023,2003,Locum,3.0000,,,,5.0000,,,,,,8.0000,
NEW: Integrated Emergency and Medical Pathways Division,Urgent & Emergency Care ,UTC,Consultant,Full time,01/04/2023,2003,Locum,2.8523,,,,2.6573,,,,,2.4999,8.0095,
NEW: Integrated Emergency and Medical Pathways Division,Urgent & Emergency Care ,UTC,Consultant,Full time,01/04/2023,2003,,,,,,8.0000,,,,,,8.0000,
NEW: Integrated Emergency and Medical Pathways Division,Urgent & Emergency Care ,UTC,Consultant,Part time,01/04/2023,2003,,,,,,6.0000,,,,,,6.0000,
NEW: Integrated Emergency and Medical Pathways Division,Urgent & Emergency Care ,UTC,SAS Doctor,Full time,01/04/2023,2008,,0.2500,,,,,,,,,8.7500,9.0000,
NEW: Integrated Emergency and Medical Pathways Division,Urgent & Emergency Care ,UTC,Consultant,Full time,01/04/2023,2003,,3.7603,,,,0.3333,,,,,4.8646,8.9582,
NEW: Planned Pathways Division ,Cancer ,Clinical Oncology,Consultant,Full time,01/04/2023,2003,,1.7500,1.2500,1.5938,,,3.9063,0.1970,,0.0470,,8.7441,
NEW: Planned Pathways Division ,Cancer ,Clinical Oncology,Consultant,Part time,01/04/2023,2003,,0.8438,0.8750,1.0000,,,2.1250,,,,0.6250,5.4688,
NEW: Planned Pathways Division ,Cancer ,Clinical Oncology,Consultant,Full time,01/04/2023,2003,,2.0000,,1.7500,,,4.2500,,,,0.5000,8.5000,
NEW: Planned Pathways Division ,Cancer ,Clinical Oncology,Consultant,Full time,01/04/2023,2003,,1.0000,1.2500,1.8125,,,3.4375,0.1970,,0.0470,0.5000,8.2440,
NEW: Planned Pathways Division ,Cancer ,Clinical Oncology,Consultant,Full time,01/04/2023,2003,,1.8750,,1.6250,,,4.3750,,,,1.2500,9.1250,
NEW: Planned Pathways Division ,Cancer ,Clinical Oncology,SAS Doctor,Part time,01/04/2023,2008,,0.5000,,1.7500,,,5.3750,,,,0.5000,8.1250,
NEW: Planned Pathways Division ,"Critical Care, Theatres and Anaesthetics ",Anaesthetics,Consultant,Full time,01/04/2023,2003,,,,,6.3542,,,0.8350,,0.8350,,8.0242,
NEW: Planned Pathways Division ,"Critical Care, Theatres and Anaesthetics ",Anaesthetics,Consultant,Full time,01/04/2023,,,,,,10.8859,,,,,,,10.8859,
NEW: Planned Pathways Division ,"Critical Care, Theatres and Anaesthetics ",Anaesthetics,SAS Doctor,Full time,01/04/2023,2021,,,,,0.6563,,,,0.8542,,,1.5105,
NEW: Planned Pathways Division ,"Critical Care, Theatres and Anaesthetics ",Anaesthetics,Consultant,Full time,01/04/2023,2003,,,,,11.0164,,,2.8631,,,,13.8795,
NEW: Planned Pathways Division ,"Critical Care, Theatres and Anaesthetics ",Anaesthetics,SAS Doctor,Full time,01/04/2023,2008,,,,,11.4583,,,,,,0.2143,11.6726,
NEW: Planned Pathways Division ,"Critical Care, Theatres and Anaesthetics ",Anaesthetics,Consultant,Full time,01/04/2023,2003,,,,,5.1143,,1.0417,1.1500,,0.5000,,7.8060,
NEW: Planned Pathways Division ,"Critical Care, Theatres and Anaesthetics ",Anaesthetics,SAS Doctor,Full time,01/04/2023,2021,,,,,10.5734,,,,,,,10.5734,
NEW: Planned Pathways Division ,"Critical Care, Theatres and Anaesthetics ",Anaesthetics,Consultant,Full time,01/04/2023,2003,,,,,5.3125,,,1.6500,,,,6.9625,
NEW: Planned Pathways Division ,"Critical Care, Theatres and Anaesthetics ",Anaesthetics,Consultant,Full time,01/04/2023,2003,,,,,11.4583,,,,,,,11.4583,
NEW: Planned Pathways Division ,"Critical Care, Theatres and Anaesthetics ",Anaesthetics,SAS Doctor,Full time,01/04/2023,2008,,,2.5000,,8.9583,,,,,,,11.4583,
NEW: Planned Pathways Division ,"Critical Care, Theatres and Anaesthetics ",Anaesthetics,Consultant,Full time,01/06/2021,Pre 2003,,,,,3.2810,,,1.0000,,1.0000,,5.2810,
NEW: Planned Pathways Division ,"Critical Care, Theatres and Anaesthetics ",Anaesthetics,Consultant,Full time,01/04/2023,2003,Locum,,,,7.4997,,,0.8350,,0.8350,,9.1697,
NEW: Planned Pathways Division ,"Critical Care, Theatres and Anaesthetics ",Anaesthetics,Consultant,Full time,01/04/2023,2003,,,,,5.9375,,,,,,2.1876,8.1251,
NEW: Planned Pathways Division ,"Critical Care, Theatres and Anaesthetics ",Anaesthetics,Consultant,Full time,01/04/2023,2003,,,,,7.0315,,,1.0000,,1.0000,,9.0315,
NEW: Planned Pathways Division ,"Critical Care, Theatres and Anaesthetics ",Anaesthetics,Consultant,Part time,01/04/2023,2003,,,,,1.2500,,,,,,,1.2500,
NEW: Planned Pathways Division ,"Critical Care, Theatres and Anaesthetics ",Anaesthetics,SAS Doctor,Full time,01/04/2023,2021,,,,,2.8125,,,1.0000,6.6770,1.0000,,11.4895,
NEW: Planned Pathways Division ,"Critical Care, Theatres and Anaesthetics ",Anaesthetics,Consultant,Full time,01/04/2023,2003,,,,,5.6251,,,1.0000,,1.0000,,7.6251,
NEW: Planned Pathways Division ,"Critical Care, Theatres and Anaesthetics ",Anaesthetics,SAS Doctor,Full time,01/04/2022,2008,,,,,2.9060,,,,,,5.0000,7.9060,
NEW: Planned Pathways Division ,"Critical Care, Theatres and Anaesthetics ",Anaesthetics,Consultant,Full time,01/04/2023,2003,,,,,7.0000,,,0.5000,,0.5000,,8.0000,
NEW: Planned Pathways Division ,"Critical Care, Theatres and Anaesthetics ",Anaesthetics,SAS Doctor,Full time,01/04/2023,2021,,,,,11.4799,,,,,,,11.4799,
NEW: Planned Pathways Division ,"Critical Care, Theatres and Anaesthetics ",Anaesthetics,SAS Doctor,Full time,01/04/2023,Pre 2008,,,,,10.3542,,,,,,,10.3542,
NEW: Planned Pathways Division ,"Critical Care, Theatres and Anaesthetics ",Anaesthetics,Consultant,Part time,01/04/2023,2003,,,,,2.5000,,,,,,,2.5000,
NEW: Planned Pathways Division ,"Critical Care, Theatres and Anaesthetics ",Anaesthetics,Consultant,Full time,01/04/2023,2003,,,,,7.5422,,,,,,,7.5422,
NEW: Planned Pathways Division ,"Critical Care, Theatres and Anaesthetics ",Anaesthetics,Consultant,Full time,01/04/2023,2003,,,,,7.3959,,,0.8250,,0.8250,,9.0459,
NEW: Planned Pathways Division ,"Critical Care, Theatres and Anaesthetics ",Anaesthetics,Consultant,Full time,01/04/2023,2003,,1.0000,,,5.0001,,,1.0000,,1.0000,,8.0001,
NEW: Planned Pathways Division ,"Critical Care, Theatres and Anaesthetics ",Anaesthetics,SAS Doctor,Full time,01/04/2023,2008,,,,,6.2500,,,7.4286,,,,13.6786,
NEW: Planned Pathways Division ,"Critical Care, Theatres and Anaesthetics ",Anaesthetics,Consultant,Full time,01/04/2023,2003,,,,,4.3751,,,1.0000,,1.0000,1.4063,7.7814,
NEW: Planned Pathways Division ,"Critical Care, Theatres and Anaesthetics ",Anaesthetics,SAS Doctor,Full time,01/04/2023,2008,,,,,10.0000,,,,,,,10.0000,
NEW: Planned Pathways Division ,"Critical Care, Theatres and Anaesthetics ",Anaesthetics,SAS Doctor,Full time,01/04/2023,2021,,,,,4.3750,,,,6.5104,,,10.8854,
NEW: Planned Pathways Division ,"Critical Care, Theatres and Anaesthetics ",Anaesthetics,Consultant,Part time,01/04/2023,2003,,,,,4.7915,,,1.0000,,0.6700,,6.4615,
NEW: Planned Pathways Division ,Digestive Services ,Gastroenterology,Consultant,Full time,01/04/2023,2003,,1.6666,,1.2500,1.6666,,1.5625,0.2063,,1.1349,1.8750,9.3619,
NEW: Planned Pathways Division ,Digestive Services ,Gastroenterology,Consultant,Full time,01/04/2023,2003,,1.3750,,0.5000,1.0000,,1.6250,,,,,4.5000,
NEW: Planned Pathways Division ,Digestive Services ,Gastroenterology,Consultant,Full time,01/04/2023,2003,,1.6000,0.8000,0.4000,1.5000,,1.6000,0.2063,,1.1349,,7.2412,
NEW: Planned Pathways Division ,Digestive Services ,Gastroenterology,Consultant,Full time,01/04/2023,Pre 2003,,2.0000,2.0000,,4.8750,,,0.1651,,1.3206,,10.3607,
NEW: Planned Pathways Division ,Digestive Services ,Gastroenterology,Consultant,Part time,01/04/2023,2003,,,,,0.5000,,,,,,,0.5000,
NEW: Planned Pathways Division ,Digestive Services ,Gastroenterology,Consultant,Full time,01/04/2023,2003,Locum,0.8333,,0.8333,2.4999,,1.6666,,,1.3000,1.8750,9.0081,
NEW: Planned Pathways Division ,Digestive Services ,Gastroenterology,Consultant,Full time,01/04/2023,2003,,1.0952,,0.3333,1.3334,,2.3333,0.2063,,1.1349,1.8750,8.3114,
NEW: Planned Pathways Division ,Haematology,,SAS Doctor,Full time,01/04/2023,2008,,0.2500,,1.1250,,,4.7500,,,,2.8750,9.0000,
NEW: Planned Pathways Division ,Haematology,,Consultant,Full time,01/04/2022,2003,,1.2500,1.2500,0.8750,,,2.8750,,,2.0000,1.2500,9.5000,
NEW: Planned Pathways Division ,Haematology,,Consultant,Full time,01/04/2023,2003,,0.1250,,2.0000,,,5.6250,,,,1.2500,9.0000,
NEW: Planned Pathways Division ,Haematology,,SAS Doctor,Full time,01/04/2023,2008,,,,0.7500,,,5.0000,,,,3.2500,9.0000,
NEW: Planned Pathways Division ,Haematology,,Consultant,Full time,01/04/2023,2003,,1.0000,1.7500,0.5000,,,4.0000,,,2.0000,1.2500,10.5000,
NEW: Planned Pathways Division ,MSK and ENT ,ENT,SAS Doctor,Full time,01/04/2023,2021,,1.2500,,0.2500,2.5000,,5.0000,2.0000,,,,11.0000,
NEW: Planned Pathways Division ,MSK and ENT ,ENT,SAS Doctor,Full time,01/04/2023,2021,,1.2500,,0.2500,2.5000,,5.0000,2.0000,,,,11.0000,
NEW: Planned Pathways Division ,MSK and ENT ,ENT,Consultant,Full time,01/04/2023,2003,,1.0000,1.0000,0.2500,2.5000,,2.7500,1.0000,,,,8.5000,
NEW: Planned Pathways Division ,MSK and ENT ,ENT,Consultant,Full time,01/04/2023,Pre 2003,,1.2500,,0.2500,3.3750,,2.8750,1.0000,,,,8.7500,
NEW: Planned Pathways Division ,MSK and ENT ,ENT,Consultant,Full time,01/06/2021,2003,,1.2500,,0.2500,2.5000,,5.0000,,,1.0000,,10.0000,
NEW: Planned Pathways Division ,MSK and ENT ,ENT,Consultant,Full time,01/04/2023,2003,,0.7500,,0.5000,5.0000,,4.0000,1.0000,,,,11.2500,
NEW: Planned Pathways Division ,MSK and ENT ,Oral Surgery,Consultant,Full time,01/04/2023,2003,,,,0.5000,3.7500,,3.0000,1.0000,,,0.2500,8.5000,
NEW: Planned Pathways Division ,MSK and ENT ,Oral Surgery,Consultant,Full time,01/04/2023,2003,,0.3095,0.0938,0.5000,3.8750,,2.6250,1.0000,,,0.5000,8.9033,
NEW: Planned Pathways Division ,MSK and ENT ,Oral Surgery,SAS Doctor,Part time,01/04/2023,2008,,,,,,,,3.0000,,,,3.0000,
NEW: Planned Pathways Division ,MSK and ENT ,Oral Surgery,SAS Doctor,Part time,01/04/2023,2008,,,,,1.8750,,5.1250,,,,,7.0000,
NEW: Planned Pathways Division ,MSK and ENT ,Oral Surgery,Consultant,Full time,01/04/2020,2003,,,,0.5000,3.7500,,3.7500,,,,0.2500,8.2500,
NEW: Planned Pathways Division ,MSK and ENT ,Oral Surgery,Consultant,Full time,01/04/2023,2003,,,,0.2500,,,0.7500,,,,,1.0000,
NEW: Planned Pathways Division ,MSK and ENT ,Oral Surgery,SAS Doctor,Part time,01/04/2023,Pre 2008,,0.1875,,,1.2500,,3.3125,2.0000,,,0.2500,7.0000,
NEW: Planned Pathways Division ,MSK and ENT ,Oral Surgery,Consultant,Full time,01/04/2023,2003,,0.0938,0.1563,0.2188,4.6251,,3.8126,1.0000,,,0.5938,10.5004,
NEW: Planned Pathways Division ,MSK and ENT ,Oral Surgery,SAS Doctor,Part time,01/04/2023,Pre 2008,,,,,1.2500,,1.3750,,,,2.5000,5.1250,
NEW: Planned Pathways Division ,MSK and ENT ,Orthopaedics,Consultant,Full time,01/04/2023,2003,,1.1250,,,3.1250,,3.0000,,,0.7500,0.5000,8.5000,
NEW: Planned Pathways Division ,MSK and ENT ,Orthopaedics,Consultant,Full time,01/04/2023,2003,,0.8750,,,3.4376,,3.2500,,,0.7500,0.1979,8.5105,
NEW: Planned Pathways Division ,MSK and ENT ,Orthopaedics,Consultant,Full time,01/04/2023,2003,,1.0000,,0.1250,3.1250,,3.0000,,,0.7500,0.5000,8.5000,
NEW: Planned Pathways Division ,MSK and ENT ,Orthopaedics,Consultant,Full time,01/04/2023,2003,,1.1250,,,3.1250,,3.0000,,,0.7500,0.5000,8.5000,
NEW: Planned Pathways Division ,MSK and ENT ,Orthopaedics,Consultant,Full time,01/04/2023,2003,,1.2500,,,3.1250,,3.0000,,,1.0000,0.1250,8.5000,
NEW: Planned Pathways Division ,MSK and ENT ,Orthopaedics,Consultant,Full time,01/04/2023,2003,,0.2500,,,3.7500,,3.2500,,,0.7500,0.8125,8.8125,
NEW: Planned Pathways Division ,MSK and ENT ,Orthopaedics,Consultant,Full time,01/04/2023,2003,,0.5000,0.0625,0.2500,3.3750,,3.0000,,,1.0000,0.3125,8.5000,
NEW: Planned Pathways Division ,MSK and ENT ,Orthopaedics,Consultant,Full time,01/04/2023,2003,,1.1875,,,3.1250,,3.0000,,,0.7500,0.4375,8.5000,
NEW: Planned Pathways Division ,MSK and ENT ,Orthopaedics,Consultant,Full time,01/04/2022,2003,,0.3750,0.6250,0.1250,1.2500,,4.0000,,,0.7500,0.3750,7.5000,
NEW: Planned Pathways Division ,MSK and ENT ,Orthopaedics,Consultant,Full time,01/04/2023,2003,,0.4375,,0.5625,3.6250,,3.2500,0.7500,,,0.3125,8.9375,
NEW: Planned Pathways Division ,MSK and ENT ,Orthopaedics,SAS Doctor,Full time,01/04/2023,2021,,0.2813,,,0.7813,,0.5000,,,0.7500,0.1251,2.4377,
NEW: Planned Pathways Division ,MSK and ENT ,Orthopaedics,Consultant,Full time,01/04/2023,2003,,0.8750,,,3.1250,,3.0000,,,1.0000,0.5000,8.5000,
NEW: Planned Pathways Division ,MSK and ENT ,Orthopaedics,Consultant,Part time,01/04/2023,2003,,0.8438,,,1.8750,,1.5000,,,1.0000,0.3125,5.5313,
NEW: Planned Pathways Division ,Surgery,General Surgery,Consultant,Full time,01/04/2023,2003,,1.0002,,1.1250,2.9569,0.7738,2.0759,1.1500,,0.3500,1.0238,10.4556,
NEW: Planned Pathways Division ,Surgery,General Surgery,Consultant,Full time,01/04/2023,2003,,1.0000,,0.3795,2.1875,0.7738,2.1697,1.1500,,0.3500,1.0358,9.0463,
NEW: Planned Pathways Division ,Surgery,General Surgery,Consultant,Full time,01/04/2023,2003,,0.7500,0.8751,,2.1131,0.7738,1.7481,1.1500,,0.3500,1.0391,8.7992,
NEW: Planned Pathways Division ,Surgery,General Surgery,SAS Doctor,Full time,01/04/2023,2008,,0.7272,,0.2045,,7.5741,,,4.3636,,,12.8694,
NEW: Planned Pathways Division ,Surgery,General Surgery,SAS Doctor,Full time,01/04/2023,2008,,,,,1.7500,,5.6250,,,,1.6250,9.0000,
NEW: Planned Pathways Division ,Surgery,General Surgery,SAS Doctor,Full time,01/04/2023,2021,,2.3750,,0.3750,2.3125,,4.3750,,,,,9.4375,
NEW: Planned Pathways Division ,Surgery,General Surgery,Consultant,Full time,01/04/2023,2003,,1.0001,,0.3750,2.3438,0.6250,2.4844,1.1500,,0.3500,1.0000,9.3283,
NEW: Planned Pathways Division ,Surgery,General Surgery,Consultant,Full time,01/04/2023,2003,,1.0657,0.5488,0.2657,3.2266,2.3216,0.8485,1.1500,,0.3500,0.4064,10.1833,
NEW: Planned Pathways Division ,Surgery,General Surgery,Consultant,Full time,01/04/2023,Pre 2003,,1.0000,,0.2500,1.0000,2.5000,1.0625,,,,1.5000,7.3125,
NEW: Planned Pathways Division ,Surgery,General Surgery,SAS Doctor,Full time,01/04/2023,2008,,1.0625,,0.3594,1.4375,2.1875,1.4063,1.0000,,0.5000,0.5625,8.5157,
NEW: Planned Pathways Division ,Surgery,General Surgery,Consultant,Full time,01/04/2023,2003,,,,0.6719,2.6250,0.7969,1.2188,1.1250,,0.3750,0.8516,7.6642,
NEW: Planned Pathways Division ,Surgery,General Surgery,Consultant,Part time,01/04/2023,2003,,0.6485,0.6250,0.5960,1.2113,0.5231,1.0469,0.4250,,0.3250,0.6548,6.0556,
NEW: Planned Pathways Division ,Surgery,General Surgery,Consultant,Part time,01/04/2023,2003,,0.6986,0.5283,0.5960,1.1726,0.4741,0.4226,,,,0.6057,4.4979,
NEW: Planned Pathways Division ,Surgery,Urology,SAS Doctor,Full time,01/04/2023,2008,,1.0000,,2.8125,2.0000,,2.0000,,4.2166,0.4000,,12.4291,
NEW: Planned Pathways Division ,Surgery,Urology,Consultant,Full time,01/04/2023,2003,,1.2500,,,2.5000,,2.0000,1.1000,,0.4000,1.2500,8.5000,
NEW: Planned Pathways Division ,Surgery,Urology,Consultant,Part time,01/04/2023,2003,,0.5000,0.5000,,0.5000,,1.5000,,,,,3.0000,
NEW: Planned Pathways Division ,Surgery,Urology,Consultant,Full time,01/04/2023,2003,,2.0000,1.0000,1.1250,2.5000,,1.0000,1.1500,,0.3500,,9.1250,
NEW: Planned Pathways Division ,Surgery,Urology,Consultant,Full time,01/04/2023,2003,,1.0000,,1.1250,1.2500,,3.1250,1.1500,,0.3500,1.0000,9.0000,
NEW: Planned Pathways Division ,Surgery,Urology,Consultant,Full time,01/04/2023,2003,,,,2.2222,2.5000,,2.7500,0.7428,,0.3301,1.0000,9.5451,
z.Test,Rheumatology.,,SAS Doctor,Full time,01/04/2023,2021,,1.2500,,,,,4.7500,,,,3.0000,9.0000,
z.Test,Rheumatology.,,Consultant,Full time,01/04/2023,2003,,2.0938,,,,,5.6250,,,,1.5000,9.2188,
z.Test,Rheumatology.,,Consultant,Part time,01/04/2023,2003,,1.6250,,,,,3.0000,,,,0.3750,5.0000,
z.Test,Rheumatology.,,SAS Doctor,Full time,01/04/2023,2021,,1.3750,,,,,4.6250,,,,3.0000,9.0000,